"Message",Low,"Запуск компиляции .NET Native"
"Message",Low,""
"Message",Low,""
"Message",Low,"Задача ""Gatekeeper"""
"Message",Normal,"Идет запуск ""C:\Users\nikit\.nuget\packages\runtime.win10-x86.microsoft.net.native.compiler\2.1.8\tools\x86\ilc\ilc.exe --gatekeeper @""C:\Users\nikit\source\repos\Разное\Nominations\Nominations\Nominations.UWP\obj\x86\Release\ilc\intermediate\gkargs.rsp""""."
"Message",Low,"�ਢ�⭨� Microsoft (R) .NET Native ���ᨨ 2.1.26424.01 "
"Message",Low,"Copyright (C) Microsoft Corporation.  All rights reserved. "
"Message",Low," "
"Message",Low,"ILCTelemetry: System.ArgumentException: Could not deserialize to TelemetrySession object"
"Message",Low,"��� ��ࠬ���: serializedSession ---> System.Runtime.Serialization.SerializationException: �訡�� ���ਠ����樨 ��ꥪ� ⨯� Microsoft.VisualStudio.Telemetry.TelemetrySessionSettings. �������� ��થ� """""", �� ������ ""I"". ---> System.Xml.XmlException: �������� ��થ� """""", �� ������ ""I""."
"Message",Low,"   � System.Xml.XmlExceptionHelper.ThrowXmlException(XmlDictionaryReader reader, String res, String arg1, String arg2, String arg3)"
"Message",Low,"   � System.Xml.XmlExceptionHelper.ThrowTokenExpected(XmlDictionaryReader reader, String expected, Char found)"
"Message",Low,"   � System.Runtime.Serialization.Json.XmlJsonReader.ReadServerTypeAttribute(Boolean consumedObjectChar)"
"Message",Low,"   � System.Runtime.Serialization.Json.XmlJsonReader.ReadAttributes()"
"Message",Low,"   � System.Runtime.Serialization.Json.XmlJsonReader.ReadNonExistentElementName(StringHandleConstStringType elementName)"
"Message",Low,"   � System.Runtime.Serialization.Json.XmlJsonReader.Read()"
"Message",Low,"   � System.Xml.XmlBaseReader.IsStartElement()"
"Message",Low,"   � System.Xml.XmlBaseReader.IsStartElement(XmlDictionaryString localName, XmlDictionaryString namespaceUri)"
"Message",Low,"   � System.Runtime.Serialization.XmlReaderDelegator.IsStartElement(XmlDictionaryString localname, XmlDictionaryString ns)"
"Message",Low,"   � System.Runtime.Serialization.XmlObjectSerializer.IsRootElement(XmlReaderDelegator reader, DataContract contract, XmlDictionaryString name, XmlDictionaryString ns)"
"Message",Low,"   � System.Runtime.Serialization.Json.DataContractJsonSerializer.InternalIsStartObject(XmlReaderDelegator reader)"
"Message",Low,"   � System.Runtime.Serialization.Json.DataContractJsonSerializer.InternalReadObject(XmlReaderDelegator xmlReader, Boolean verifyObjectName)"
"Message",Low,"   � System.Runtime.Serialization.XmlObjectSerializer.InternalReadObject(XmlReaderDelegator reader, Boolean verifyObjectName, DataContractResolver dataContractResolver)"
"Message",Low,"   � System.Runtime.Serialization.XmlObjectSerializer.ReadObjectHandleExceptions(XmlReaderDelegator reader, Boolean verifyObjectName, DataContractResolver dataContractResolver)"
"Message",Low,"   --- ����� ����஢�� ����७���� �⥪� �᪫�祭�� ---"
"Message",Low,"   � System.Runtime.Serialization.XmlObjectSerializer.ReadObjectHandleExceptions(XmlReaderDelegator reader, Boolean verifyObjectName, DataContractResolver dataContractResolver)"
"Message",Low,"   � System.Runtime.Serialization.Json.DataContractJsonSerializer.ReadObject(XmlDictionaryReader reader)"
"Message",Low,"   � System.Runtime.Serialization.Json.DataContractJsonSerializer.ReadObject(Stream stream)"
"Message",Low,"   � Microsoft.VisualStudio.Telemetry.TelemetrySessionSettings.Deserialize(String settings)"
"Message",Low,"   � Microsoft.VisualStudio.Telemetry.TelemetrySessionSettings.Parse(String serializedSession)"
"Message",Low,"   --- ����� ����஢�� ����७���� �⥪� �᪫�祭�� ---"
"Message",Low,"   � Microsoft.VisualStudio.Telemetry.TelemetrySessionSettings.Parse(String serializedSession)"
"Message",Low,"   � ILCTelemetry.Program.ReadEvents()"
"Message",Low,"   � ILCTelemetry.Program.Main(String[] args)"
"Message",Low,"���� �஢�ઠ ᡮન ""C:\Users\nikit\source\repos\������\Nominations\Nominations\Nominations.UWP\obj\x86\Release\ilc\in\Microsoft.Graphics.Canvas.winmd"". "
"Message",Low,"���� �஢�ઠ ᡮન ""C:\Users\nikit\source\repos\������\Nominations\Nominations\Nominations.UWP\obj\x86\Release\ilc\in\Nominations.dll"". "
"Message",Low,"���� �஢�ઠ ᡮન ""C:\Users\nikit\source\repos\������\Nominations\Nominations\Nominations.UWP\obj\x86\Release\ilc\in\Nominations.UWP.exe"". "
"Message",Low,"���� �஢�ઠ ᡮન ""C:\Users\nikit\source\repos\������\Nominations\Nominations\Nominations.UWP\obj\x86\Release\ilc\in\SQLite-net.dll"". "
"Message",Low,"���� �஢�ઠ ᡮન ""C:\Users\nikit\source\repos\������\Nominations\Nominations\Nominations.UWP\obj\x86\Release\ilc\in\SQLitePCLRaw.batteries_green.dll"". "
"Message",Low,"���� �஢�ઠ ᡮન ""C:\Users\nikit\source\repos\������\Nominations\Nominations\Nominations.UWP\obj\x86\Release\ilc\in\SQLitePCLRaw.batteries_v2.dll"". "
"Message",Low,"���� �஢�ઠ ᡮન ""C:\Users\nikit\source\repos\������\Nominations\Nominations\Nominations.UWP\obj\x86\Release\ilc\in\SQLitePCLRaw.core.dll"". "
"Message",Low,"���� �஢�ઠ ᡮન ""C:\Users\nikit\source\repos\������\Nominations\Nominations\Nominations.UWP\obj\x86\Release\ilc\in\SQLitePCLRaw.provider.e_sqlite3.dll"". "
"Message",Low,"���� �஢�ઠ ᡮન ""C:\Users\nikit\source\repos\������\Nominations\Nominations\Nominations.UWP\obj\x86\Release\ilc\in\Xamarin.Essentials.dll"". "
"Message",Low,"���� �஢�ઠ ᡮન ""C:\Users\nikit\source\repos\������\Nominations\Nominations\Nominations.UWP\obj\x86\Release\ilc\in\Xamarin.Forms.Core.dll"". "
"Message",Low,"���� �஢�ઠ ᡮન ""C:\Users\nikit\source\repos\������\Nominations\Nominations\Nominations.UWP\obj\x86\Release\ilc\in\Xamarin.Forms.Platform.dll"". "
"Message",Low,"���� �஢�ઠ ᡮન ""C:\Users\nikit\source\repos\������\Nominations\Nominations\Nominations.UWP\obj\x86\Release\ilc\in\Xamarin.Forms.Platform.UAP.dll"". "
"Message",Low,"���� �஢�ઠ ᡮન ""C:\Users\nikit\source\repos\������\Nominations\Nominations\Nominations.UWP\obj\x86\Release\ilc\in\Xamarin.Forms.Xaml.dll"". "
"Message",Normal,"Задача ""C:\Users\nikit\.nuget\packages\runtime.win10-x86.microsoft.net.native.compiler\2.1.8\tools\x86\ilc\ilc.exe --gatekeeper @""C:\Users\nikit\source\repos\Разное\Nominations\Nominations\Nominations.UWP\obj\x86\Release\ilc\intermediate\gkargs.rsp"""" завершена."
"Message",Normal,"Статистика выполнения процессов (все значения в миллисекундах)"
"Message",Normal,"-----------------------------------------------------------------------------"
"Message",Normal,"запустить  |  начать   |   остановить   |   завершить    | длительность | время существования | имя [слот]"
"Message",Normal,"-----------------------------------------------------------------------------"
"Message",Normal,"       0 |       16 |      437 |      437 |      421 |      437 | [0] Gatekeeper"
"Message",Normal,"Число команд:      1"
"Message",Normal,"Общее системное время:       437 мс"
"Message",Normal,"Системное время на команду: 437 мс"
"Message",Normal,"Общая длительность:          421 мс"
"Message",Normal,"Общее время жизни:          437 мс"
"Message",Normal,"Запрошенный DOP:           4"
"Message",Normal,"Длительность DOP:            1,0"
"Message",Normal,"Время жизни DOP:            1,0"
"Message",Low,"Выполнение задачи ""Gatekeeper"" завершено."
"Message",Low,"Сборка целевого объекта ""RunGatekeeper"" в файле ""Preparation"" завершена."
"Message",Low,""
"Message",Low,"Сборка целевого объекта ""CreateToolchainGeneratedAssembly"" в файле ""Preparation"" завершена."
"Message",Low,""
"Message",Low,"Задача ""PreMergeAssemblyClosure"""
"Message",Low,"Выполнение задачи ""PreMergeAssemblyClosure"" завершено."
"Message",Low,"Сборка целевого объекта ""ConstructPreMergeAssemblyClosure"" в файле ""Preparation"" завершена."
"Message",Low,""
"Message",Low,"Задача ""McgReferenceResolveFilePath"""
"Message",Low,"Выполнение задачи ""McgReferenceResolveFilePath"" завершено."
"Message",Low,"Сборка целевого объекта ""PreResolveTransforms"" в файле ""Preparation"" завершена."
"Message",Low,""
"Message",Low,"Задача ""ResolveToolchainRequiredAssemblyRoots"""
"Message",Low,"Выполнение задачи ""ResolveToolchainRequiredAssemblyRoots"" завершено."
"Message",Low,"Задача ""ILTransformAssemblyClosure"""
"Message",Low,"Выполнение задачи ""ILTransformAssemblyClosure"" завершено."
"Message",Low,"Задача ""ResolveToolchainRequiredAssemblyRoots"""
"Message",Low,"Выполнение задачи ""ResolveToolchainRequiredAssemblyRoots"" завершено."
"Message",Low,"Задача ""ReducedCopyAssemblyClosure"""
"Message",Low,"Выполнение задачи ""ReducedCopyAssemblyClosure"" завершено."
"Message",Low,"Сборка целевого объекта ""ConstructILTransformAssemblyClosure"" в файле ""Preparation"" завершена."
"Message",Low,"Сборка проекта ""Preparation"" завершена."
"Message",Low,""
"Message",Low,""
"Message",High,"Обработка кода приложения"
"Message",Low,"Задача ""RunILTransforms"""
"Message",Normal,"Выполняется преобразование ""DumpNativeResources"", размер кучи — 4 МБ."
"Message",Normal,"Выполняется преобразование ""Analysis"", размер кучи — 16 МБ."
"Message",Low,"Идет загрузка модулей (116)..."
"Message",Normal,"Импортированы директивы отражений из нескольких файлов (15):"
"Message",Normal,"C:\Users\nikit\source\repos\Разное\Nominations\Nominations\Nominations.UWP\obj\x86\Release\ilc\in\Properties\Default.rd.xml"
"Message",Normal,"Встроенный манифест System.Private.Interop: Resources.System.Private.Interop.rd.xml"
"Message",Normal,"Встроенный манифест System.Private.WinRTInterop.CoreLib: Resources.System.Private.WinRTInterop.CoreLib.rd.xml"
"Message",Normal,"Встроенный манифест System.Runtime.WindowsRuntime.UI.Xaml: Resources.System.Runtime.WindowsRuntime.UI.Xaml.rd.xml"
"Message",Normal,"Встроенный манифест Xamarin.Forms.Platform.UAP: Xamarin.Forms.Platform.UAP.Properties.Xamarin.Forms.Platform.UAP.rd.xml"
"Message",Normal,"Встроенный манифест System.Private.CoreLib: Resources.System.Private.CoreLib.rd.xml"
"Message",Normal,"Встроенный манифест System.Private.Uri: Resources.System.Private.Uri.rd.xml"
"Message",Normal,"Встроенный манифест System.Private.Reflection.Core: System.Private.Reflection.Core.rd.xml"
"Message",Normal,"Встроенный манифест System.ComponentModel.TypeConverter: System.ComponentModel.TypeConverter.Resources.System.ComponentModel.TypeConverter.rd.xml"
"Message",Normal,"Встроенный манифест System.Linq.Expressions: System.Linq.Expressions.Resources.System.Linq.Expressions.rd.xml"
"Message",Normal,"Встроенный манифест System.Private.Xml: System.Xml.Resources.System.Private.Xml.rd.xml"
"Message",Normal,"Встроенный манифест System.Net.Primitives: Resources.System.Net.Primitives.rd.xml"
"Message",Normal,"Встроенный манифест System.Private.DataContractSerialization: System.Private.DataContractSerialization.Resources.System.Private.DataContractSerialization.rd.xml"
"Message",Normal,"Встроенный манифест System.Runtime.Serialization.Formatters: System.Runtime.Serialization.Formatters.Resources.System.Runtime.Serialization.Formatters.rd.xml"
"Message",Normal,"Встроенный манифест System.Runtime.Serialization.Primitives: System.Runtime.Serialization.Primitives.Resources.System.Runtime.Serialization.Primitives.rd.xml"
"Message",Normal,"Импортированы корни XAML из нескольких файлов (2):"
"Message",Normal,"C:\Users\nikit\source\repos\Разное\Nominations\Nominations\Nominations.UWP\obj\x86\Release\ilc\in\Nominations.UWP.xr.xml"
"Message",Normal,"C:\Users\nikit\source\repos\Разное\Nominations\Nominations\Nominations.UWP\obj\x86\Release\ilc\in\Xamarin.Forms.Platform.UAP\Xamarin.Forms.Platform.UAP.xr.xml"
"Message",Normal,"Выполняется преобразование ""Mcg"", размер кучи — 379 МБ."
"Message",High,"Идет вычисление закрытия приложения и создание кода взаимодействия"
"Message",High,"  Идет загрузка модулей (116)..."
"Message",Normal,"          Метод P/Invoke ""sqlite3_close"" разрешен как ""sqlite3_close!e_sqlite3"" из ""e_sqlite3""."
"Message",Normal,"          Метод P/Invoke ""sqlite3_close_v2"" разрешен как ""sqlite3_close_v2!e_sqlite3"" из ""e_sqlite3""."
"Message",Normal,"          Метод P/Invoke ""sqlite3_enable_shared_cache"" разрешен как ""sqlite3_enable_shared_cache!e_sqlite3"" из ""e_sqlite3""."
"Message",Normal,"          Метод P/Invoke ""sqlite3_interrupt"" разрешен как ""sqlite3_interrupt!e_sqlite3"" из ""e_sqlite3""."
"Message",Normal,"          Метод P/Invoke ""sqlite3_finalize"" разрешен как ""sqlite3_finalize!e_sqlite3"" из ""e_sqlite3""."
"Message",Normal,"          Метод P/Invoke ""sqlite3_reset"" разрешен как ""sqlite3_reset!e_sqlite3"" из ""e_sqlite3""."
"Message",Normal,"          Метод P/Invoke ""sqlite3_clear_bindings"" разрешен как ""sqlite3_clear_bindings!e_sqlite3"" из ""e_sqlite3""."
"Message",Normal,"          Метод P/Invoke ""sqlite3_stmt_status"" разрешен как ""sqlite3_stmt_status!e_sqlite3"" из ""e_sqlite3""."
"Message",Normal,"          Метод P/Invoke ""sqlite3_bind_parameter_name"" разрешен как ""sqlite3_bind_parameter_name!e_sqlite3"" из ""e_sqlite3""."
"Message",Normal,"          Метод P/Invoke ""sqlite3_column_database_name"" разрешен как ""sqlite3_column_database_name!e_sqlite3"" из ""e_sqlite3""."
"Message",Normal,"          Метод P/Invoke ""sqlite3_column_database_name16"" разрешен как ""sqlite3_column_database_name16!e_sqlite3"" из ""e_sqlite3""."
"Message",Normal,"          Метод P/Invoke ""sqlite3_column_decltype"" разрешен как ""sqlite3_column_decltype!e_sqlite3"" из ""e_sqlite3""."
"Message",Normal,"          Метод P/Invoke ""sqlite3_column_decltype16"" разрешен как ""sqlite3_column_decltype16!e_sqlite3"" из ""e_sqlite3""."
"Message",Normal,"          Метод P/Invoke ""sqlite3_column_name"" разрешен как ""sqlite3_column_name!e_sqlite3"" из ""e_sqlite3""."
"Message",Normal,"          Метод P/Invoke ""sqlite3_column_name16"" разрешен как ""sqlite3_column_name16!e_sqlite3"" из ""e_sqlite3""."
"Message",Normal,"          Метод P/Invoke ""sqlite3_column_origin_name"" разрешен как ""sqlite3_column_origin_name!e_sqlite3"" из ""e_sqlite3""."
"Message",Normal,"          Метод P/Invoke ""sqlite3_column_origin_name16"" разрешен как ""sqlite3_column_origin_name16!e_sqlite3"" из ""e_sqlite3""."
"Message",Normal,"          Метод P/Invoke ""sqlite3_column_table_name"" разрешен как ""sqlite3_column_table_name!e_sqlite3"" из ""e_sqlite3""."
"Message",Normal,"          Метод P/Invoke ""sqlite3_column_table_name16"" разрешен как ""sqlite3_column_table_name16!e_sqlite3"" из ""e_sqlite3""."
"Message",Normal,"          Метод P/Invoke ""sqlite3_column_text"" разрешен как ""sqlite3_column_text!e_sqlite3"" из ""e_sqlite3""."
"Message",Normal,"          Метод P/Invoke ""sqlite3_column_text16"" разрешен как ""sqlite3_column_text16!e_sqlite3"" из ""e_sqlite3""."
"Message",Normal,"          Метод P/Invoke ""sqlite3_errmsg"" разрешен как ""sqlite3_errmsg!e_sqlite3"" из ""e_sqlite3""."
"Message",Normal,"          Метод P/Invoke ""sqlite3_db_readonly"" разрешен как ""sqlite3_db_readonly!e_sqlite3"" из ""e_sqlite3""."
"Message",Normal,"          Метод P/Invoke ""sqlite3_db_filename"" разрешен как ""sqlite3_db_filename!e_sqlite3"" из ""e_sqlite3""."
"Message",Normal,"          Метод P/Invoke ""sqlite3_prepare"" разрешен как ""sqlite3_prepare!e_sqlite3"" из ""e_sqlite3""."
"Message",Normal,"          Метод P/Invoke ""sqlite3_prepare_v2"" разрешен как ""sqlite3_prepare_v2!e_sqlite3"" из ""e_sqlite3""."
"Message",Normal,"          Метод P/Invoke ""sqlite3_db_status"" разрешен как ""sqlite3_db_status!e_sqlite3"" из ""e_sqlite3""."
"Message",Normal,"          Метод P/Invoke ""sqlite3_complete"" разрешен как ""sqlite3_complete!e_sqlite3"" из ""e_sqlite3""."
"Message",Normal,"          Метод P/Invoke ""sqlite3_compileoption_used"" разрешен как ""sqlite3_compileoption_used!e_sqlite3"" из ""e_sqlite3""."
"Message",Normal,"          Метод P/Invoke ""sqlite3_compileoption_get"" разрешен как ""sqlite3_compileoption_get!e_sqlite3"" из ""e_sqlite3""."
"Message",Normal,"          Метод P/Invoke ""sqlite3_table_column_metadata"" разрешен как ""sqlite3_table_column_metadata!e_sqlite3"" из ""e_sqlite3""."
"Message",Normal,"          Метод P/Invoke ""sqlite3_value_text"" разрешен как ""sqlite3_value_text!e_sqlite3"" из ""e_sqlite3""."
"Message",Normal,"          Метод P/Invoke ""sqlite3_value_text16"" разрешен как ""sqlite3_value_text16!e_sqlite3"" из ""e_sqlite3""."
"Message",Normal,"          Метод P/Invoke ""sqlite3_enable_load_extension"" разрешен как ""sqlite3_enable_load_extension!e_sqlite3"" из ""e_sqlite3""."
"Message",Normal,"          Метод P/Invoke ""sqlite3_load_extension"" разрешен как ""sqlite3_load_extension!e_sqlite3"" из ""e_sqlite3""."
"Message",Normal,"          Метод P/Invoke ""sqlite3_initialize"" разрешен как ""sqlite3_initialize!e_sqlite3"" из ""e_sqlite3""."
"Message",Normal,"          Метод P/Invoke ""sqlite3_shutdown"" разрешен как ""sqlite3_shutdown!e_sqlite3"" из ""e_sqlite3""."
"Message",Normal,"          Метод P/Invoke ""sqlite3_libversion"" разрешен как ""sqlite3_libversion!e_sqlite3"" из ""e_sqlite3""."
"Message",Normal,"          Метод P/Invoke ""sqlite3_libversion_number"" разрешен как ""sqlite3_libversion_number!e_sqlite3"" из ""e_sqlite3""."
"Message",Normal,"          Метод P/Invoke ""sqlite3_threadsafe"" разрешен как ""sqlite3_threadsafe!e_sqlite3"" из ""e_sqlite3""."
"Message",Normal,"          Метод P/Invoke ""sqlite3_sourceid"" разрешен как ""sqlite3_sourceid!e_sqlite3"" из ""e_sqlite3""."
"Message",Normal,"          Метод P/Invoke ""sqlite3_malloc"" разрешен как ""sqlite3_malloc!e_sqlite3"" из ""e_sqlite3""."
"Message",Normal,"          Метод P/Invoke ""sqlite3_realloc"" разрешен как ""sqlite3_realloc!e_sqlite3"" из ""e_sqlite3""."
"Message",Normal,"          Метод P/Invoke ""sqlite3_free"" разрешен как ""sqlite3_free!e_sqlite3"" из ""e_sqlite3""."
"Message",Normal,"          Метод P/Invoke ""sqlite3_open"" разрешен как ""sqlite3_open!e_sqlite3"" из ""e_sqlite3""."
"Message",Normal,"          Метод P/Invoke ""sqlite3_open_v2"" разрешен как ""sqlite3_open_v2!e_sqlite3"" из ""e_sqlite3""."
"Message",Normal,"          Метод P/Invoke ""sqlite3_vfs_find"" разрешен как ""sqlite3_vfs_find!e_sqlite3"" из ""e_sqlite3""."
"Message",Normal,"          Метод P/Invoke ""sqlite3_open16"" разрешен как ""sqlite3_open16!e_sqlite3"" из ""e_sqlite3""."
"Message",Normal,"          Метод P/Invoke ""sqlite3_last_insert_rowid"" разрешен как ""sqlite3_last_insert_rowid!e_sqlite3"" из ""e_sqlite3""."
"Message",Normal,"          Метод P/Invoke ""sqlite3_changes"" разрешен как ""sqlite3_changes!e_sqlite3"" из ""e_sqlite3""."
"Message",Normal,"          Метод P/Invoke ""sqlite3_total_changes"" разрешен как ""sqlite3_total_changes!e_sqlite3"" из ""e_sqlite3""."
"Message",Normal,"          Метод P/Invoke ""sqlite3_memory_used"" разрешен как ""sqlite3_memory_used!e_sqlite3"" из ""e_sqlite3""."
"Message",Normal,"          Метод P/Invoke ""sqlite3_memory_highwater"" разрешен как ""sqlite3_memory_highwater!e_sqlite3"" из ""e_sqlite3""."
"Message",Normal,"          Метод P/Invoke ""sqlite3_status"" разрешен как ""sqlite3_status!e_sqlite3"" из ""e_sqlite3""."
"Message",Normal,"          Метод P/Invoke ""sqlite3_busy_timeout"" разрешен как ""sqlite3_busy_timeout!e_sqlite3"" из ""e_sqlite3""."
"Message",Normal,"          Метод P/Invoke ""sqlite3_bind_blob"" разрешен как ""sqlite3_bind_blob!e_sqlite3"" из ""e_sqlite3""."
"Message",Normal,"          Метод P/Invoke ""sqlite3_bind_zeroblob"" разрешен как ""sqlite3_bind_zeroblob!e_sqlite3"" из ""e_sqlite3""."
"Message",Normal,"          Метод P/Invoke ""sqlite3_bind_double"" разрешен как ""sqlite3_bind_double!e_sqlite3"" из ""e_sqlite3""."
"Message",Normal,"          Метод P/Invoke ""sqlite3_bind_int"" разрешен как ""sqlite3_bind_int!e_sqlite3"" из ""e_sqlite3""."
"Message",Normal,"          Метод P/Invoke ""sqlite3_bind_int64"" разрешен как ""sqlite3_bind_int64!e_sqlite3"" из ""e_sqlite3""."
"Message",Normal,"          Метод P/Invoke ""sqlite3_bind_null"" разрешен как ""sqlite3_bind_null!e_sqlite3"" из ""e_sqlite3""."
"Message",Normal,"          Метод P/Invoke ""sqlite3_bind_text"" разрешен как ""sqlite3_bind_text!e_sqlite3"" из ""e_sqlite3""."
"Message",Normal,"          Метод P/Invoke ""sqlite3_bind_parameter_count"" разрешен как ""sqlite3_bind_parameter_count!e_sqlite3"" из ""e_sqlite3""."
"Message",Normal,"          Метод P/Invoke ""sqlite3_bind_parameter_index"" разрешен как ""sqlite3_bind_parameter_index!e_sqlite3"" из ""e_sqlite3""."
"Message",Normal,"          Метод P/Invoke ""sqlite3_column_count"" разрешен как ""sqlite3_column_count!e_sqlite3"" из ""e_sqlite3""."
"Message",Normal,"          Метод P/Invoke ""sqlite3_data_count"" разрешен как ""sqlite3_data_count!e_sqlite3"" из ""e_sqlite3""."
"Message",Normal,"          Метод P/Invoke ""sqlite3_step"" разрешен как ""sqlite3_step!e_sqlite3"" из ""e_sqlite3""."
"Message",Normal,"          Метод P/Invoke ""sqlite3_sql"" разрешен как ""sqlite3_sql!e_sqlite3"" из ""e_sqlite3""."
"Message",Normal,"          Метод P/Invoke ""sqlite3_column_double"" разрешен как ""sqlite3_column_double!e_sqlite3"" из ""e_sqlite3""."
"Message",Normal,"          Метод P/Invoke ""sqlite3_column_int"" разрешен как ""sqlite3_column_int!e_sqlite3"" из ""e_sqlite3""."
"Message",Normal,"          Метод P/Invoke ""sqlite3_column_int64"" разрешен как ""sqlite3_column_int64!e_sqlite3"" из ""e_sqlite3""."
"Message",Normal,"          Метод P/Invoke ""sqlite3_column_blob"" разрешен как ""sqlite3_column_blob!e_sqlite3"" из ""e_sqlite3""."
"Message",Normal,"          Метод P/Invoke ""sqlite3_column_bytes"" разрешен как ""sqlite3_column_bytes!e_sqlite3"" из ""e_sqlite3""."
"Message",Normal,"          Метод P/Invoke ""sqlite3_column_type"" разрешен как ""sqlite3_column_type!e_sqlite3"" из ""e_sqlite3""."
"Message",Normal,"          Метод P/Invoke ""sqlite3_aggregate_count"" разрешен как ""sqlite3_aggregate_count!e_sqlite3"" из ""e_sqlite3""."
"Message",Normal,"          Метод P/Invoke ""sqlite3_value_blob"" разрешен как ""sqlite3_value_blob!e_sqlite3"" из ""e_sqlite3""."
"Message",Normal,"          Метод P/Invoke ""sqlite3_value_bytes"" разрешен как ""sqlite3_value_bytes!e_sqlite3"" из ""e_sqlite3""."
"Message",Normal,"          Метод P/Invoke ""sqlite3_value_double"" разрешен как ""sqlite3_value_double!e_sqlite3"" из ""e_sqlite3""."
"Message",Normal,"          Метод P/Invoke ""sqlite3_value_int"" разрешен как ""sqlite3_value_int!e_sqlite3"" из ""e_sqlite3""."
"Message",Normal,"          Метод P/Invoke ""sqlite3_value_int64"" разрешен как ""sqlite3_value_int64!e_sqlite3"" из ""e_sqlite3""."
"Message",Normal,"          Метод P/Invoke ""sqlite3_value_type"" разрешен как ""sqlite3_value_type!e_sqlite3"" из ""e_sqlite3""."
"Message",Normal,"          Метод P/Invoke ""sqlite3_user_data"" разрешен как ""sqlite3_user_data!e_sqlite3"" из ""e_sqlite3""."
"Message",Normal,"          Метод P/Invoke ""sqlite3_result_blob"" разрешен как ""sqlite3_result_blob!e_sqlite3"" из ""e_sqlite3""."
"Message",Normal,"          Метод P/Invoke ""sqlite3_result_double"" разрешен как ""sqlite3_result_double!e_sqlite3"" из ""e_sqlite3""."
"Message",Normal,"          Метод P/Invoke ""sqlite3_result_error"" разрешен как ""sqlite3_result_error!e_sqlite3"" из ""e_sqlite3""."
"Message",Normal,"          Метод P/Invoke ""sqlite3_result_int"" разрешен как ""sqlite3_result_int!e_sqlite3"" из ""e_sqlite3""."
"Message",Normal,"          Метод P/Invoke ""sqlite3_result_int64"" разрешен как ""sqlite3_result_int64!e_sqlite3"" из ""e_sqlite3""."
"Message",Normal,"          Метод P/Invoke ""sqlite3_result_null"" разрешен как ""sqlite3_result_null!e_sqlite3"" из ""e_sqlite3""."
"Message",Normal,"          Метод P/Invoke ""sqlite3_result_text"" разрешен как ""sqlite3_result_text!e_sqlite3"" из ""e_sqlite3""."
"Message",Normal,"          Метод P/Invoke ""sqlite3_result_zeroblob"" разрешен как ""sqlite3_result_zeroblob!e_sqlite3"" из ""e_sqlite3""."
"Message",Normal,"          Метод P/Invoke ""sqlite3_result_error_toobig"" разрешен как ""sqlite3_result_error_toobig!e_sqlite3"" из ""e_sqlite3""."
"Message",Normal,"          Метод P/Invoke ""sqlite3_result_error_nomem"" разрешен как ""sqlite3_result_error_nomem!e_sqlite3"" из ""e_sqlite3""."
"Message",Normal,"          Метод P/Invoke ""sqlite3_result_error_code"" разрешен как ""sqlite3_result_error_code!e_sqlite3"" из ""e_sqlite3""."
"Message",Normal,"          Метод P/Invoke ""sqlite3_aggregate_context"" разрешен как ""sqlite3_aggregate_context!e_sqlite3"" из ""e_sqlite3""."
"Message",Normal,"          Метод P/Invoke ""sqlite3_bind_text16"" разрешен как ""sqlite3_bind_text16!e_sqlite3"" из ""e_sqlite3""."
"Message",Normal,"          Метод P/Invoke ""sqlite3_result_error16"" разрешен как ""sqlite3_result_error16!e_sqlite3"" из ""e_sqlite3""."
"Message",Normal,"          Метод P/Invoke ""sqlite3_result_text16"" разрешен как ""sqlite3_result_text16!e_sqlite3"" из ""e_sqlite3""."
"Message",Normal,"          Метод P/Invoke ""sqlite3_config"" разрешен как ""sqlite3_config!e_sqlite3"" из ""e_sqlite3""."
"Message",Normal,"          Метод P/Invoke ""sqlite3_config"" разрешен как ""sqlite3_config!e_sqlite3"" из ""e_sqlite3""."
"Message",Normal,"          Метод P/Invoke ""sqlite3_config"" разрешен как ""sqlite3_config!e_sqlite3"" из ""e_sqlite3""."
"Message",Normal,"          Метод P/Invoke ""sqlite3_create_function_v2"" разрешен как ""sqlite3_create_function_v2!e_sqlite3"" из ""e_sqlite3""."
"Message",Normal,"          Метод P/Invoke ""sqlite3_create_collation"" разрешен как ""sqlite3_create_collation!e_sqlite3"" из ""e_sqlite3""."
"Message",Normal,"          Метод P/Invoke ""sqlite3_update_hook"" разрешен как ""sqlite3_update_hook!e_sqlite3"" из ""e_sqlite3""."
"Message",Normal,"          Метод P/Invoke ""sqlite3_commit_hook"" разрешен как ""sqlite3_commit_hook!e_sqlite3"" из ""e_sqlite3""."
"Message",Normal,"          Метод P/Invoke ""sqlite3_profile"" разрешен как ""sqlite3_profile!e_sqlite3"" из ""e_sqlite3""."
"Message",Normal,"          Метод P/Invoke ""sqlite3_progress_handler"" разрешен как ""sqlite3_progress_handler!e_sqlite3"" из ""e_sqlite3""."
"Message",Normal,"          Метод P/Invoke ""sqlite3_trace"" разрешен как ""sqlite3_trace!e_sqlite3"" из ""e_sqlite3""."
"Message",Normal,"          Метод P/Invoke ""sqlite3_rollback_hook"" разрешен как ""sqlite3_rollback_hook!e_sqlite3"" из ""e_sqlite3""."
"Message",Normal,"          Метод P/Invoke ""sqlite3_db_handle"" разрешен как ""sqlite3_db_handle!e_sqlite3"" из ""e_sqlite3""."
"Message",Normal,"          Метод P/Invoke ""sqlite3_next_stmt"" разрешен как ""sqlite3_next_stmt!e_sqlite3"" из ""e_sqlite3""."
"Message",Normal,"          Метод P/Invoke ""sqlite3_stmt_busy"" разрешен как ""sqlite3_stmt_busy!e_sqlite3"" из ""e_sqlite3""."
"Message",Normal,"          Метод P/Invoke ""sqlite3_stmt_readonly"" разрешен как ""sqlite3_stmt_readonly!e_sqlite3"" из ""e_sqlite3""."
"Message",Normal,"          Метод P/Invoke ""sqlite3_exec"" разрешен как ""sqlite3_exec!e_sqlite3"" из ""e_sqlite3""."
"Message",Normal,"          Метод P/Invoke ""sqlite3_get_autocommit"" разрешен как ""sqlite3_get_autocommit!e_sqlite3"" из ""e_sqlite3""."
"Message",Normal,"          Метод P/Invoke ""sqlite3_extended_result_codes"" разрешен как ""sqlite3_extended_result_codes!e_sqlite3"" из ""e_sqlite3""."
"Message",Normal,"          Метод P/Invoke ""sqlite3_errcode"" разрешен как ""sqlite3_errcode!e_sqlite3"" из ""e_sqlite3""."
"Message",Normal,"          Метод P/Invoke ""sqlite3_extended_errcode"" разрешен как ""sqlite3_extended_errcode!e_sqlite3"" из ""e_sqlite3""."
"Message",Normal,"          Метод P/Invoke ""sqlite3_errstr"" разрешен как ""sqlite3_errstr!e_sqlite3"" из ""e_sqlite3""."
"Message",Normal,"          Метод P/Invoke ""sqlite3_log"" разрешен как ""sqlite3_log!e_sqlite3"" из ""e_sqlite3""."
"Message",Normal,"          Метод P/Invoke ""sqlite3_file_control"" разрешен как ""sqlite3_file_control!e_sqlite3"" из ""e_sqlite3""."
"Message",Normal,"          Метод P/Invoke ""sqlite3_backup_init"" разрешен как ""sqlite3_backup_init!e_sqlite3"" из ""e_sqlite3""."
"Message",Normal,"          Метод P/Invoke ""sqlite3_backup_step"" разрешен как ""sqlite3_backup_step!e_sqlite3"" из ""e_sqlite3""."
"Message",Normal,"          Метод P/Invoke ""sqlite3_backup_finish"" разрешен как ""sqlite3_backup_finish!e_sqlite3"" из ""e_sqlite3""."
"Message",Normal,"          Метод P/Invoke ""sqlite3_backup_remaining"" разрешен как ""sqlite3_backup_remaining!e_sqlite3"" из ""e_sqlite3""."
"Message",Normal,"          Метод P/Invoke ""sqlite3_backup_pagecount"" разрешен как ""sqlite3_backup_pagecount!e_sqlite3"" из ""e_sqlite3""."
"Message",Normal,"          Метод P/Invoke ""sqlite3_blob_open"" разрешен как ""sqlite3_blob_open!e_sqlite3"" из ""e_sqlite3""."
"Message",Normal,"          Метод P/Invoke ""sqlite3_blob_write"" разрешен как ""sqlite3_blob_write!e_sqlite3"" из ""e_sqlite3""."
"Message",Normal,"          Метод P/Invoke ""sqlite3_blob_read"" разрешен как ""sqlite3_blob_read!e_sqlite3"" из ""e_sqlite3""."
"Message",Normal,"          Метод P/Invoke ""sqlite3_blob_write"" разрешен как ""sqlite3_blob_write!e_sqlite3"" из ""e_sqlite3""."
"Message",Normal,"          Метод P/Invoke ""sqlite3_blob_read"" разрешен как ""sqlite3_blob_read!e_sqlite3"" из ""e_sqlite3""."
"Message",Normal,"          Метод P/Invoke ""sqlite3_blob_bytes"" разрешен как ""sqlite3_blob_bytes!e_sqlite3"" из ""e_sqlite3""."
"Message",Normal,"          Метод P/Invoke ""sqlite3_blob_close"" разрешен как ""sqlite3_blob_close!e_sqlite3"" из ""e_sqlite3""."
"Message",Normal,"          Метод P/Invoke ""sqlite3_wal_autocheckpoint"" разрешен как ""sqlite3_wal_autocheckpoint!e_sqlite3"" из ""e_sqlite3""."
"Message",Normal,"          Метод P/Invoke ""sqlite3_wal_checkpoint"" разрешен как ""sqlite3_wal_checkpoint!e_sqlite3"" из ""e_sqlite3""."
"Message",Normal,"          Метод P/Invoke ""sqlite3_wal_checkpoint_v2"" разрешен как ""sqlite3_wal_checkpoint_v2!e_sqlite3"" из ""e_sqlite3""."
"Message",Normal,"          Метод P/Invoke ""sqlite3_set_authorizer"" разрешен как ""sqlite3_set_authorizer!e_sqlite3"" из ""e_sqlite3""."
"Message",Normal,"          Метод P/Invoke ""sqlite3_win32_set_directory"" разрешен как ""sqlite3_win32_set_directory!e_sqlite3"" из ""e_sqlite3""."
"Message",Normal,"          P/Invoke ""RhpGetFuncEvalParameterBufferSize"" с [DllImport(ExactSpelling=true)] разрешен как ""[MRT]!RhpGetFuncEvalParameterBufferSize""."
"Message",Normal,"          P/Invoke ""RhpGetFuncEvalMode"" с [DllImport(ExactSpelling=true)] разрешен как ""[MRT]!RhpGetFuncEvalMode""."
"Message",Normal,"          P/Invoke ""RhpRecordDebuggeeInitiatedHandle"" с [DllImport(ExactSpelling=true)] разрешен как ""[MRT]!RhpRecordDebuggeeInitiatedHandle""."
"Message",Normal,"          P/Invoke ""RhpVerifyDebuggerCleanup"" с [DllImport(ExactSpelling=true)] разрешен как ""[MRT]!RhpVerifyDebuggerCleanup""."
"Message",Normal,"          P/Invoke ""RhpGetCurrentThread"" с [DllImport(ExactSpelling=true)] разрешен как ""[MRT]!RhpGetCurrentThread""."
"Message",Normal,"          P/Invoke ""RhWaitForPendingFinalizers"" с [DllImport(ExactSpelling=true)] разрешен как ""[MRT]!RhWaitForPendingFinalizers""."
"Message",Normal,"          P/Invoke ""RhYield"" с [DllImport(ExactSpelling=true)] разрешен как ""[MRT]!RhYield""."
"Message",Normal,"          P/Invoke ""RhFlushProcessWriteBuffers"" с [DllImport(ExactSpelling=true)] разрешен как ""[MRT]!RhFlushProcessWriteBuffers""."
"Message",Normal,"          P/Invoke ""RhCompatibleReentrantWaitAny"" с [DllImport(ExactSpelling=true)] разрешен как ""[MRT]!RhCompatibleReentrantWaitAny""."
"Message",Normal,"          P/Invoke ""RhCallDescrWorker"" с [DllImport(ExactSpelling=true)] разрешен как ""[MRT]!RhCallDescrWorker""."
"Message",Normal,"          P/Invoke ""_ecvt_s"" с [DllImport(ExactSpelling=true)] разрешен как ""[MRT]!_ecvt_s""."
"Message",Normal,"          P/Invoke ""memmove"" с [DllImport(ExactSpelling=true)] разрешен как ""[MRT]!memmove""."
"Message",Normal,"          P/Invoke ""memset"" с [DllImport(ExactSpelling=true)] разрешен как ""[MRT]!memset""."
"Message",Normal,"          P/Invoke ""CallingConventionConverter_GetStubs"" с [DllImport(ExactSpelling=true)] разрешен как ""*!CallingConventionConverter_GetStubs""."
"Message",Normal,"          Метод P/Invoke ""WindowsCreateStringReference"" разрешен как ""WindowsCreateStringReference!api-ms-win-core-winrt-string-l1-1-0.dll"" из ""SupportedAPIs.xml""."
"Message",Normal,"          Метод P/Invoke ""GetLastError"" разрешен как ""GetLastError!api-ms-win-core-errorhandling-l1-1-0.dll"" из ""SupportedAPIs.xml""."
"Message",Normal,"          Метод P/Invoke ""SetLastError"" разрешен как ""SetLastError!api-ms-win-core-errorhandling-l1-1-0.dll"" из ""SupportedAPIs.xml""."
"Message",Normal,"          Метод P/Invoke ""RoInitialize"" разрешен как ""RoInitialize!api-ms-win-core-winrt-l1-1-0.dll"" из ""SupportedAPIs.xml""."
"Message",Normal,"          Метод P/Invoke ""IsValidLocaleName"" разрешен как ""IsValidLocaleName!api-ms-win-core-localization-l1-2-0.dll"" из ""SupportedAPIs.xml""."
"Message",Normal,"          Метод P/Invoke ""ResolveLocaleName"" разрешен как ""ResolveLocaleName!api-ms-win-core-localization-l1-2-0.dll"" из ""SupportedAPIs.xml""."
"Message",Normal,"          Метод P/Invoke ""CertDuplicateCertificateContext"" разрешен как ""CertDuplicateCertificateContext!crypt32.dll"" из ""SupportedAPIs.xml""."
"Message",Normal,"          Метод P/Invoke ""CertGetCertificateContextProperty"" разрешен как ""CertGetCertificateContextProperty!crypt32.dll"" из ""SupportedAPIs.xml""."
"Message",Normal,"          Метод P/Invoke ""GetCPInfoExW"" разрешен как ""GetCPInfoExW!kernel32.dll"" из ""SupportedAPIs.xml""."
"Message",Normal,"          Метод P/Invoke ""RoGetBufferMarshaler"" разрешен как ""RoGetBufferMarshaler!api-ms-win-core-winrt-robuffer-l1-1-0.dll"" из ""SupportedAPIs.xml""."
"Message",Normal,"          Метод P/Invoke ""CryptQueryObject"" разрешен как ""CryptQueryObject!crypt32.dll"" из ""SupportedAPIs.xml""."
"Message",Normal,"          Метод P/Invoke ""CertDuplicateCertificateContext"" разрешен как ""CertDuplicateCertificateContext!crypt32.dll"" из ""SupportedAPIs.xml""."
"Message",Normal,"          Метод P/Invoke ""BCryptCreateHash"" разрешен как ""BCryptCreateHash!BCrypt.dll"" из ""SupportedAPIs.xml""."
"Message",Normal,"          Метод P/Invoke ""BCryptGetProperty"" разрешен как ""BCryptGetProperty!BCrypt.dll"" из ""SupportedAPIs.xml""."
"Message",Normal,"          Метод P/Invoke ""CertFreeCertificateContext"" разрешен как ""CertFreeCertificateContext!crypt32.dll"" из ""SupportedAPIs.xml""."
"Message",Normal,"          Метод P/Invoke ""BCryptHashData"" разрешен как ""BCryptHashData!BCrypt.dll"" из ""SupportedAPIs.xml""."
"Message",Normal,"          Метод P/Invoke ""CryptMsgGetParam"" разрешен как ""CryptMsgGetParam!crypt32.dll"" из ""SupportedAPIs.xml""."
"Message",Normal,"          Метод P/Invoke ""CryptMsgGetParam"" разрешен как ""CryptMsgGetParam!crypt32.dll"" из ""SupportedAPIs.xml""."
"Message",Normal,"          Метод P/Invoke ""PFXImportCertStore"" разрешен как ""PFXImportCertStore!crypt32.dll"" из ""SupportedAPIs.xml""."
"Message",Normal,"          Метод P/Invoke ""CryptFindOIDInfo"" разрешен как ""CryptFindOIDInfo!crypt32.dll"" из ""SupportedAPIs.xml""."
"Message",Normal,"          Метод P/Invoke ""BCryptOpenAlgorithmProvider"" разрешен как ""BCryptOpenAlgorithmProvider!BCrypt.dll"" из ""SupportedAPIs.xml""."
"Message",Normal,"          Метод P/Invoke ""CoCreateInstance"" разрешен как ""CoCreateInstance!api-ms-win-core-com-l1-1-0.dll"" из ""SupportedAPIs.xml""."
"Message",Normal,"          Метод P/Invoke ""CertGetCertificateContextProperty"" разрешен как ""CertGetCertificateContextProperty!crypt32.dll"" из ""SupportedAPIs.xml""."
"Message",Normal,"          Метод P/Invoke ""CertCloseStore"" разрешен как ""CertCloseStore!crypt32.dll"" из ""SupportedAPIs.xml""."
"Message",Normal,"          Метод P/Invoke ""CryptMsgClose"" разрешен как ""CryptMsgClose!crypt32.dll"" из ""SupportedAPIs.xml""."
"Message",Normal,"          Метод P/Invoke ""BCryptCloseAlgorithmProvider"" разрешен как ""BCryptCloseAlgorithmProvider!BCrypt.dll"" из ""SupportedAPIs.xml""."
"Message",Normal,"          Метод P/Invoke ""BCryptDestroyHash"" разрешен как ""BCryptDestroyHash!BCrypt.dll"" из ""SupportedAPIs.xml""."
"Message",Normal,"          Метод P/Invoke ""BCryptFinishHash"" разрешен как ""BCryptFinishHash!BCrypt.dll"" из ""SupportedAPIs.xml""."
"Message",Normal,"          Метод P/Invoke ""CertFindCertificateInStore"" разрешен как ""CertFindCertificateInStore!crypt32.dll"" из ""SupportedAPIs.xml""."
"Message",Normal,"          Метод P/Invoke ""CryptAcquireContextW"" разрешен как ""CryptAcquireContextW!advapi32.dll"" из ""SupportedAPIs.xml""."
"Message",Normal,"          Метод P/Invoke ""CertEnumCertificatesInStore"" разрешен как ""CertEnumCertificatesInStore!crypt32.dll"" из ""SupportedAPIs.xml""."
"Message",Normal,"          Метод P/Invoke ""WSAGetOverlappedResult"" разрешен как ""WSAGetOverlappedResult!ws2_32.dll"" из ""SupportedAPIs.xml""."
"Message",Normal,"          Метод P/Invoke ""SysFreeString"" разрешен как ""SysFreeString!OleAut32"" из ""SupportedAPIs.xml""."
"Message",Normal,"          Метод P/Invoke ""FormatMessageW"" разрешен как ""FormatMessageW!kernel32.dll"" из ""SupportedAPIs.xml""."
"Message",Normal,"          Метод P/Invoke ""CertGetNameStringW"" разрешен как ""CertGetNameStringW!crypt32.dll"" из ""SupportedAPIs.xml""."
"Message",Normal,"          Метод P/Invoke ""CertGetNameStringW"" разрешен как ""CertGetNameStringW!crypt32.dll"" из ""SupportedAPIs.xml""."
"Message",Normal,"          Метод P/Invoke ""NCryptOpenKey"" разрешен как ""NCryptOpenKey!ncrypt.dll"" из ""SupportedAPIs.xml""."
"Message",Normal,"          Метод P/Invoke ""NCryptDeleteKey"" разрешен как ""NCryptDeleteKey!ncrypt.dll"" из ""SupportedAPIs.xml""."
"Message",Normal,"          Метод P/Invoke ""NCryptOpenStorageProvider"" разрешен как ""NCryptOpenStorageProvider!ncrypt.dll"" из ""SupportedAPIs.xml""."
"Message",Normal,"          Метод P/Invoke ""setsockopt"" разрешен как ""setsockopt!ws2_32.dll"" из ""SupportedAPIs.xml""."
"Message",Normal,"          Метод P/Invoke ""setsockopt"" разрешен как ""setsockopt!ws2_32.dll"" из ""SupportedAPIs.xml""."
"Message",Normal,"          Метод P/Invoke ""CryptGetKeyParam"" разрешен как ""CryptGetKeyParam!advapi32.dll"" из ""SupportedAPIs.xml""."
"Message",Normal,"          Метод P/Invoke ""CryptFindOIDInfo"" разрешен как ""CryptFindOIDInfo!crypt32.dll"" из ""SupportedAPIs.xml""."
"Message",Normal,"          Метод P/Invoke ""GetNetworkParams"" разрешен как ""GetNetworkParams!iphlpapi.dll"" из ""SupportedAPIs.xml""."
"Message",Normal,"          Метод P/Invoke ""LocalAlloc"" разрешен как ""LocalAlloc!kernel32.dll"" из ""SupportedAPIs.xml""."
"Message",Normal,"          Метод P/Invoke ""CertGetCertificateChain"" разрешен как ""CertGetCertificateChain!crypt32.dll"" из ""SupportedAPIs.xml""."
"Message",Normal,"          Метод P/Invoke ""CryptGetDefaultProviderW"" разрешен как ""CryptGetDefaultProviderW!advapi32.dll"" из ""SupportedAPIs.xml""."
"Message",Normal,"          Метод P/Invoke ""CryptAcquireContextW"" разрешен как ""CryptAcquireContextW!advapi32.dll"" из ""SupportedAPIs.xml""."
"Message",Normal,"          Метод P/Invoke ""CryptGetProvParam"" разрешен как ""CryptGetProvParam!advapi32.dll"" из ""SupportedAPIs.xml""."
"Message",Normal,"          Метод P/Invoke ""CryptGetUserKey"" разрешен как ""CryptGetUserKey!advapi32.dll"" из ""SupportedAPIs.xml""."
"Message",Normal,"          Метод P/Invoke ""CertVerifyCertificateChainPolicy"" разрешен как ""CertVerifyCertificateChainPolicy!crypt32.dll"" из ""SupportedAPIs.xml""."
"Message",Normal,"          Метод P/Invoke ""LocalFree"" разрешен как ""LocalFree!kernel32.dll"" из ""SupportedAPIs.xml""."
"Message",Normal,"          Метод P/Invoke ""CertNameToStrW"" разрешен как ""CertNameToStrW!crypt32.dll"" из ""SupportedAPIs.xml""."
"Message",Normal,"          Метод P/Invoke ""CryptFormatObject"" разрешен как ""CryptFormatObject!crypt32.dll"" из ""SupportedAPIs.xml""."
"Message",Normal,"          Метод P/Invoke ""CertAddCertificateLinkToStore"" разрешен как ""CertAddCertificateLinkToStore!crypt32.dll"" из ""SupportedAPIs.xml""."
"Message",Normal,"          Метод P/Invoke ""FormatMessageW"" разрешен как ""FormatMessageW!kernel32.dll"" из ""SupportedAPIs.xml""."
"Message",Normal,"          Метод P/Invoke ""CryptDestroyKey"" разрешен как ""CryptDestroyKey!advapi32.dll"" из ""SupportedAPIs.xml""."
"Message",Normal,"          Метод P/Invoke ""NCryptFreeObject"" разрешен как ""NCryptFreeObject!ncrypt.dll"" из ""SupportedAPIs.xml""."
"Message",Normal,"          Метод P/Invoke ""CryptFormatObject"" разрешен как ""CryptFormatObject!crypt32.dll"" из ""SupportedAPIs.xml""."
"Message",Normal,"          Метод P/Invoke ""CertOpenStore"" разрешен как ""CertOpenStore!crypt32.dll"" из ""SupportedAPIs.xml""."
"Message",Normal,"          Метод P/Invoke ""CryptImportPublicKeyInfoEx2"" разрешен как ""CryptImportPublicKeyInfoEx2!crypt32.dll"" из ""SupportedAPIs.xml""."
"Message",Normal,"          Метод P/Invoke ""BCryptExportKey"" разрешен как ""BCryptExportKey!BCrypt.dll"" из ""SupportedAPIs.xml""."
"Message",Normal,"          Метод P/Invoke ""CryptDecodeObject"" разрешен как ""CryptDecodeObject!crypt32.dll"" из ""SupportedAPIs.xml""."
"Message",Normal,"          Метод P/Invoke ""CertFreeCertificateChain"" разрешен как ""CertFreeCertificateChain!crypt32.dll"" из ""SupportedAPIs.xml""."
"Message",Normal,"          Метод P/Invoke ""CryptReleaseContext"" разрешен как ""CryptReleaseContext!advapi32.dll"" из ""SupportedAPIs.xml""."
"Message",Normal,"          Метод P/Invoke ""FormatMessageW"" разрешен как ""FormatMessageW!kernel32.dll"" из ""SupportedAPIs.xml""."
"Message",Normal,"          Метод P/Invoke ""FormatMessageW"" разрешен как ""FormatMessageW!kernel32.dll"" из ""SupportedAPIs.xml""."
"Message",Normal,"          Метод P/Invoke ""BCryptGetProperty"" разрешен как ""BCryptGetProperty!BCrypt.dll"" из ""SupportedAPIs.xml""."
"Message",Normal,"          Метод P/Invoke ""NCryptImportKey"" разрешен как ""NCryptImportKey!ncrypt.dll"" из ""SupportedAPIs.xml""."
"Message",Normal,"          Метод P/Invoke ""NCryptGetProperty"" разрешен как ""NCryptGetProperty!ncrypt.dll"" из ""SupportedAPIs.xml""."
"Message",Normal,"          Метод P/Invoke ""CryptImportKey"" разрешен как ""CryptImportKey!advapi32.dll"" из ""SupportedAPIs.xml""."
"Message",Normal,"          Метод P/Invoke ""CryptSetProvParam"" разрешен как ""CryptSetProvParam!advapi32.dll"" из ""SupportedAPIs.xml""."
"Message",Normal,"          Метод P/Invoke ""CryptSetProvParam"" разрешен как ""CryptSetProvParam!advapi32.dll"" из ""SupportedAPIs.xml""."
"Message",Normal,"          Метод P/Invoke ""BCryptDestroyKey"" разрешен как ""BCryptDestroyKey!BCrypt.dll"" из ""SupportedAPIs.xml""."
"Message",Normal,"          Метод P/Invoke ""FormatMessageW"" разрешен как ""FormatMessageW!kernel32.dll"" из ""SupportedAPIs.xml""."
"Message",Normal,"          Метод P/Invoke ""NCryptSetProperty"" разрешен как ""NCryptSetProperty!ncrypt.dll"" из ""SupportedAPIs.xml""."
"Message",Normal,"          Метод P/Invoke ""CryptDecodeObject"" разрешен как ""CryptDecodeObject!crypt32.dll"" из ""SupportedAPIs.xml""."
"Message",Normal,"          Метод P/Invoke ""CertControlStore"" разрешен как ""CertControlStore!crypt32.dll"" из ""SupportedAPIs.xml""."
"Message",Normal,"          Метод P/Invoke ""CryptFindOIDInfo"" разрешен как ""CryptFindOIDInfo!crypt32.dll"" из ""SupportedAPIs.xml""."
"Message",Normal,"          Метод P/Invoke ""CryptGenKey"" разрешен как ""CryptGenKey!advapi32.dll"" из ""SupportedAPIs.xml""."
"Message",Normal,"          Метод P/Invoke ""CertFindExtension"" разрешен как ""CertFindExtension!crypt32.dll"" из ""SupportedAPIs.xml""."
"Message",Normal,"          Метод P/Invoke ""CertGetValidUsages"" разрешен как ""CertGetValidUsages!crypt32.dll"" из ""SupportedAPIs.xml""."
"Message",Normal,"          Метод P/Invoke ""CertGetIntendedKeyUsage"" разрешен как ""CertGetIntendedKeyUsage!crypt32.dll"" из ""SupportedAPIs.xml""."
"Message",Normal,"          Метод P/Invoke ""CertVerifyTimeValidity"" разрешен как ""CertVerifyTimeValidity!crypt32.dll"" из ""SupportedAPIs.xml""."
"Message",Normal,"          Метод P/Invoke ""getsockname"" разрешен как ""getsockname!ws2_32.dll"" из ""SupportedAPIs.xml""."
"Message",Normal,"          Метод P/Invoke ""getpeername"" разрешен как ""getpeername!ws2_32.dll"" из ""SupportedAPIs.xml""."
"Message",Normal,"          Метод P/Invoke ""WSAStartup"" разрешен как ""WSAStartup!ws2_32.dll"" из ""SupportedAPIs.xml""."
"Message",Normal,"          Метод P/Invoke ""select"" разрешен как ""select!ws2_32.dll"" из ""SupportedAPIs.xml""."
"Message",Normal,"          Метод P/Invoke ""select"" разрешен как ""select!ws2_32.dll"" из ""SupportedAPIs.xml""."
"Message",Normal,"          Метод P/Invoke ""ioctlsocket"" разрешен как ""ioctlsocket!ws2_32.dll"" из ""SupportedAPIs.xml""."
"Message",Normal,"          Метод P/Invoke ""shutdown"" разрешен как ""shutdown!ws2_32.dll"" из ""SupportedAPIs.xml""."
"Message",Normal,"          Метод P/Invoke ""setsockopt"" разрешен как ""setsockopt!ws2_32.dll"" из ""SupportedAPIs.xml""."
"Message",Normal,"          Метод P/Invoke ""recv"" разрешен как ""recv!ws2_32.dll"" из ""SupportedAPIs.xml""."
"Message",Normal,"          Метод P/Invoke ""gethostbyname"" разрешен как ""gethostbyname!ws2_32.dll"" из ""SupportedAPIs.xml""."
"Message",Normal,"          Метод P/Invoke ""WSAIoctl"" разрешен как ""WSAIoctl!ws2_32.dll"" из ""SupportedAPIs.xml""."
"Message",Normal,"          Метод P/Invoke ""RevertToSelf"" разрешен как ""RevertToSelf!advapi32.dll"" из ""SupportedAPIs.xml""."
"Message",Normal,"          Метод P/Invoke ""ImpersonateLoggedOnUser"" разрешен как ""ImpersonateLoggedOnUser!advapi32.dll"" из ""SupportedAPIs.xml""."
"Message",Normal,"          Метод P/Invoke ""GetAddrInfoW"" разрешен как ""GetAddrInfoW!ws2_32.dll"" из ""SupportedAPIs.xml""."
"Message",Normal,"          Метод P/Invoke ""WSASocketW"" разрешен как ""WSASocketW!ws2_32.dll"" из ""SupportedAPIs.xml""."
"Message",Normal,"          Метод P/Invoke ""closesocket"" разрешен как ""closesocket!ws2_32.dll"" из ""SupportedAPIs.xml""."
"Message",Normal,"          Метод P/Invoke ""WSASocketW"" разрешен как ""WSASocketW!ws2_32.dll"" из ""SupportedAPIs.xml""."
"Message",Normal,"          Метод P/Invoke ""WSAConnect"" разрешен как ""WSAConnect!ws2_32.dll"" из ""SupportedAPIs.xml""."
"Message",Normal,"          Метод P/Invoke ""listen"" разрешен как ""listen!ws2_32.dll"" из ""SupportedAPIs.xml""."
"Message",Normal,"          Метод P/Invoke ""WSASocketW"" разрешен как ""WSASocketW!ws2_32.dll"" из ""SupportedAPIs.xml""."
"Message",Normal,"          Метод P/Invoke ""closesocket"" разрешен как ""closesocket!ws2_32.dll"" из ""SupportedAPIs.xml""."
"Message",Normal,"          Метод P/Invoke ""gethostname"" разрешен как ""gethostname!ws2_32.dll"" из ""SupportedAPIs.xml""."
"Message",Normal,"          Метод P/Invoke ""GetCurrentThread"" разрешен как ""GetCurrentThread!kernel32.dll"" из ""SupportedAPIs.xml""."
"Message",Normal,"          Метод P/Invoke ""OpenThreadToken"" разрешен как ""OpenThreadToken!advapi32.dll"" из ""SupportedAPIs.xml""."
"Message",Normal,"          Метод P/Invoke ""GetCurrentProcess"" разрешен как ""GetCurrentProcess!kernel32.dll"" из ""SupportedAPIs.xml""."
"Message",Normal,"          Метод P/Invoke ""OpenProcessToken"" разрешен как ""OpenProcessToken!advapi32.dll"" из ""SupportedAPIs.xml""."
"Message",Normal,"          Метод P/Invoke ""bind"" разрешен как ""bind!ws2_32.dll"" из ""SupportedAPIs.xml""."
"Message",Normal,"          Метод P/Invoke ""getsockopt"" разрешен как ""getsockopt!ws2_32.dll"" из ""SupportedAPIs.xml""."
"Message",Normal,"          Метод P/Invoke ""CloseHandle"" разрешен как ""CloseHandle!kernel32.dll"" из ""SupportedAPIs.xml""."
"Message",Normal,"          Метод P/Invoke ""freeaddrinfo"" разрешен как ""freeaddrinfo!ws2_32.dll"" из ""SupportedAPIs.xml""."
"Message",Normal,"          Метод P/Invoke ""getsockopt"" разрешен как ""getsockopt!ws2_32.dll"" из ""SupportedAPIs.xml""."
"Message",Normal,"          Метод P/Invoke ""getsockopt"" разрешен как ""getsockopt!ws2_32.dll"" из ""SupportedAPIs.xml""."
"Message",Normal,"          Метод P/Invoke ""getsockopt"" разрешен как ""getsockopt!ws2_32.dll"" из ""SupportedAPIs.xml""."
"Message",Normal,"          Метод P/Invoke ""send"" разрешен как ""send!ws2_32.dll"" из ""SupportedAPIs.xml""."
"Message",Normal,"          Метод P/Invoke ""ioctlsocket"" разрешен как ""ioctlsocket!ws2_32.dll"" из ""SupportedAPIs.xml""."
"Message",Normal,"          Метод P/Invoke ""setsockopt"" разрешен как ""setsockopt!ws2_32.dll"" из ""SupportedAPIs.xml""."
"Message",Normal,"          Метод P/Invoke ""LsaGetLogonSessionData"" разрешен как ""LsaGetLogonSessionData!sspicli.dll"" из ""SupportedAPIs.xml""."
"Message",Normal,"          Метод P/Invoke ""WSARecv"" разрешен как ""WSARecv!ws2_32.dll"" из ""SupportedAPIs.xml""."
"Message",Normal,"          Метод P/Invoke ""WSASend"" разрешен как ""WSASend!ws2_32.dll"" из ""SupportedAPIs.xml""."
"Message",Normal,"          Метод P/Invoke ""LsaNtStatusToWinError"" разрешен как ""LsaNtStatusToWinError!advapi32.dll"" из ""SupportedAPIs.xml""."
"Message",Normal,"          Метод P/Invoke ""DuplicateTokenEx"" разрешен как ""DuplicateTokenEx!advapi32.dll"" из ""SupportedAPIs.xml""."
"Message",Normal,"          Метод P/Invoke ""CheckTokenMembershipEx"" разрешен как ""CheckTokenMembershipEx!kernel32.dll"" из ""SupportedAPIs.xml""."
"Message",Normal,"          Метод P/Invoke ""LsaFreeReturnBuffer"" разрешен как ""LsaFreeReturnBuffer!sspicli.dll"" из ""SupportedAPIs.xml""."
"Message",Normal,"          Метод P/Invoke ""accept"" разрешен как ""accept!ws2_32.dll"" из ""SupportedAPIs.xml""."
"Message",Normal,"          Метод P/Invoke ""GetTokenInformation"" разрешен как ""GetTokenInformation!advapi32.dll"" из ""SupportedAPIs.xml""."
"Message",Normal,"          Метод P/Invoke ""LocalAlloc"" разрешен как ""LocalAlloc!kernel32.dll"" из ""SupportedAPIs.xml""."
"Message",Normal,"          Метод P/Invoke ""LocalFree"" разрешен как ""LocalFree!kernel32.dll"" из ""SupportedAPIs.xml""."
"Message",Normal,"          Метод P/Invoke ""GetNameInfoW"" разрешен как ""GetNameInfoW!ws2_32.dll"" из ""SupportedAPIs.xml""."
"Message",Normal,"          Метод P/Invoke ""gethostbyaddr"" разрешен как ""gethostbyaddr!ws2_32.dll"" из ""SupportedAPIs.xml""."
"Message",Normal,"          Метод P/Invoke ""SetFileCompletionNotificationModes"" разрешен как ""SetFileCompletionNotificationModes!kernel32.dll"" из ""SupportedAPIs.xml""."
"Message",Normal,"          Метод P/Invoke ""CertEnumCertificatesInStore"" разрешен как ""CertEnumCertificatesInStore!crypt32.dll"" из ""SupportedAPIs.xml""."
"Message",Normal,"          Метод P/Invoke ""CertVerifyCertificateChainPolicy"" разрешен как ""CertVerifyCertificateChainPolicy!crypt32.dll"" из ""SupportedAPIs.xml""."
"Message",Normal,"          Метод P/Invoke ""LsaLookupSids"" разрешен как ""LsaLookupSids!advapi32.dll"" из ""SupportedAPIs.xml""."
"Message",Normal,"          Метод P/Invoke ""LsaLookupNames2"" разрешен как ""LsaLookupNames2!advapi32.dll"" из ""SupportedAPIs.xml""."
"Message",Normal,"          Метод P/Invoke ""LsaOpenPolicy"" разрешен как ""LsaOpenPolicy!advapi32.dll"" из ""SupportedAPIs.xml""."
"Message",Normal,"          Метод P/Invoke ""LsaClose"" разрешен как ""LsaClose!advapi32.dll"" из ""SupportedAPIs.xml""."
"Message",Normal,"          Метод P/Invoke ""LsaFreeMemory"" разрешен как ""LsaFreeMemory!advapi32.dll"" из ""SupportedAPIs.xml""."
"Message",Normal,"          Метод P/Invoke ""CertFreeCertificateContext"" разрешен как ""CertFreeCertificateContext!crypt32.dll"" из ""SupportedAPIs.xml""."
"Message",Normal,"          Метод P/Invoke ""EncryptMessage"" разрешен как ""EncryptMessage!sspicli.dll"" из ""SupportedAPIs.xml""."
"Message",Normal,"          Метод P/Invoke ""DecryptMessage"" разрешен как ""DecryptMessage!sspicli.dll"" из ""SupportedAPIs.xml""."
"Message",Normal,"          Метод P/Invoke ""EnumerateSecurityPackagesW"" разрешен как ""EnumerateSecurityPackagesW!sspicli.dll"" из ""SupportedAPIs.xml""."
"Message",Normal,"          Метод P/Invoke ""ApplyControlToken"" разрешен как ""ApplyControlToken!sspicli.dll"" из ""SupportedAPIs.xml""."
"Message",Normal,"          Метод P/Invoke ""FreeContextBuffer"" разрешен как ""FreeContextBuffer!sspicli.dll"" из ""SupportedAPIs.xml""."
"Message",Normal,"          Метод P/Invoke ""AcceptSecurityContext"" разрешен как ""AcceptSecurityContext!sspicli.dll"" из ""SupportedAPIs.xml""."
"Message",Normal,"          Метод P/Invoke ""DeleteSecurityContext"" разрешен как ""DeleteSecurityContext!sspicli.dll"" из ""SupportedAPIs.xml""."
"Message",Normal,"          Метод P/Invoke ""InitializeSecurityContextW"" разрешен как ""InitializeSecurityContextW!sspicli.dll"" из ""SupportedAPIs.xml""."
"Message",Normal,"          Метод P/Invoke ""QueryContextAttributesW"" разрешен как ""QueryContextAttributesW!sspicli.dll"" из ""SupportedAPIs.xml""."
"Message",Normal,"          Метод P/Invoke ""AcquireCredentialsHandleW"" разрешен как ""AcquireCredentialsHandleW!sspicli.dll"" из ""SupportedAPIs.xml""."
"Message",Normal,"          Метод P/Invoke ""FreeCredentialsHandle"" разрешен как ""FreeCredentialsHandle!sspicli.dll"" из ""SupportedAPIs.xml""."
"Message",High,"  Идет создание кода..."
"Message",High,"  Создан код взаимодействия."
"Message",Normal,"  Код записан в AssemblyInfo.g.cs"
"Message",Normal,"  Код записан в Adapters.g.cs"
"Message",Normal,"  Код записан в Data.g.cs"
"Message",Normal,"  Код записан в Helpers.g.cs"
"Message",Normal,"  Код записан в ImplTypes.g.cs"
"Message",Normal,"  Код записан в PInvoke.g.cs"
"Message",Normal,"  Код записан в SafeTypes.g.cs"
"Message",Normal,"  Код записан в SharedStubs.g.cs"
"Message",Normal,"Выполняется преобразование ""GenerateCodeAndCompile"", размер кучи — 404 МБ."
"Message",High,"Идет создание кода сериализации."
"Message",High,"Идет компиляция кода взаимодействия."
"Message",Normal,"Компиляция созданного исходного кода: C:\Users\nikit\.nuget\packages\microsoft.net.native.compiler\2.1.8\tools\csc\csc.exe /noconfig @""C:\Users\nikit\source\repos\Разное\Nominations\Nominations\Nominations.UWP\obj\x86\Release\ilc\intermediate\Nominations.UWP.McgInterop.rsp"""
